{
  "cellWidth": 200.0,
  "cellHeight": 200.0,
  "numOfCellHoriz": 9,
  "numOfCellVert": 5,
  "musicVol": 0.15238096695097667,
  "sfxVol": 0.4876543209876543
}